Datetime,Water Level (m)
2025-09-28 06:00:00,-0.21843368
2025-09-28 07:00:00,-0.092591025
2025-09-28 08:00:00,0.25097242
2025-09-28 09:00:00,0.54016674
2025-09-28 10:00:00,0.74810606
2025-09-28 11:00:00,0.84294087
2025-09-28 12:00:00,0.76122075
2025-09-28 13:00:00,0.52044463
2025-09-28 14:00:00,0.2764791
2025-09-28 15:00:00,0.08256396
2025-09-28 16:00:00,-0.07692898
2025-09-28 17:00:00,-0.20233266
2025-09-28 18:00:00,-0.2780613
2025-09-28 19:00:00,-0.16963564
2025-09-28 20:00:00,0.18024372
2025-09-28 21:00:00,0.5152948
2025-09-28 22:00:00,0.77006364
2025-09-28 23:00:00,0.9109363
2025-09-29 00:00:00,0.9070327
2025-09-29 01:00:00,0.73830056
2025-09-29 02:00:00,0.49907333
2025-09-29 03:00:00,0.29559153
2025-09-29 04:00:00,0.14065439
2025-09-29 05:00:00,0.025594354
2025-09-29 06:00:00,-0.045867458
2025-09-29 07:00:00,-0.04682612
2025-09-29 08:00:00,0.12312554
2025-09-29 09:00:00,0.39753705
2025-09-29 10:00:00,0.6103247
2025-09-29 11:00:00,0.72230023
2025-09-29 12:00:00,0.7148385
2025-09-29 13:00:00,0.5773396
2025-09-29 14:00:00,0.38254732
2025-09-29 15:00:00,0.20923623
2025-09-29 16:00:00,0.06663688
2025-09-29 17:00:00,-0.047356416
2025-09-29 18:00:00,-0.123642184
2025-09-29 19:00:00,-0.12723227
2025-09-29 20:00:00,0.042380553
2025-09-29 21:00:00,0.3222652
2025-09-29 22:00:00,0.5683179
2025-09-29 23:00:00,0.746363
2025-09-30 00:00:00,0.84131825
2025-09-30 01:00:00,0.8354238
2025-09-30 02:00:00,0.70926106
2025-09-30 03:00:00,0.52021295
2025-09-30 04:00:00,0.3486153
2025-09-30 05:00:00,0.21608244
2025-09-30 06:00:00,0.12431754
2025-09-30 07:00:00,0.07168248
2025-09-30 08:00:00,0.076960966
2025-09-30 09:00:00,0.19301881
2025-09-30 10:00:00,0.38840175
2025-09-30 11:00:00,0.54746205
2025-09-30 12:00:00,0.6410114
2025-09-30 13:00:00,0.6708735
2025-09-30 14:00:00,0.61387336
2025-09-30 15:00:00,0.46761742
2025-09-30 16:00:00,0.30889094
2025-09-30 17:00:00,0.17710291
2025-09-30 18:00:00,0.07222294
2025-09-30 19:00:00,0.0020158365
2025-09-30 20:00:00,-0.009572967
2025-09-30 21:00:00,0.10836751
2025-09-30 22:00:00,0.3304376
2025-09-30 23:00:00,0.52755666
2025-10-01 00:00:00,0.68082553
2025-10-01 01:00:00,0.79100317
2025-10-01 02:00:00,0.8342725
2025-10-01 03:00:00,0.7971402
2025-10-01 04:00:00,0.6877461
2025-10-01 05:00:00,0.5490648
2025-10-01 06:00:00,0.41096824
2025-10-01 07:00:00,0.28982732
2025-10-01 08:00:00,0.19724339
2025-10-01 09:00:00,0.13370915
2025-10-01 10:00:00,0.12007861
2025-10-01 11:00:00,0.21114838
2025-10-01 12:00:00,0.39154813
2025-10-01 13:00:00,0.5727039
2025-10-01 14:00:00,0.707379
2025-10-01 15:00:00,0.76349545
2025-10-01 16:00:00,0.7191931
2025-10-01 17:00:00,0.587512
2025-10-01 18:00:00,0.4332458
2025-10-01 19:00:00,0.2948471
2025-10-01 20:00:00,0.18306859
2025-10-01 21:00:00,0.1031893
2025-10-01 22:00:00,0.084361844
2025-10-01 23:00:00,0.20640798
2025-10-02 00:00:00,0.46783352
2025-10-02 01:00:00,0.7356758
2025-10-02 02:00:00,0.9738425
2025-10-02 03:00:00,1.1293664
2025-10-02 04:00:00,1.1816014
2025-10-02 05:00:00,1.0937145
2025-10-02 06:00:00,0.87739193
2025-10-02 07:00:00,0.67389554
2025-10-02 08:00:00,0.5153393
2025-10-02 09:00:00,0.37907088
2025-10-02 10:00:00,0.27525303
2025-10-02 11:00:00,0.21265513
2025-10-02 12:00:00,0.21963939
2025-10-02 13:00:00,0.52486324
2025-10-02 14:00:00,0.9497713
2025-10-02 15:00:00,1.2668151
2025-10-02 16:00:00,1.4382228
2025-10-02 17:00:00,1.463841
2025-10-02 18:00:00,1.3467053
2025-10-02 19:00:00,1.1500674
2025-10-02 20:00:00,0.96954286
2025-10-02 21:00:00,0.8123052
2025-10-02 22:00:00,0.67814314
2025-10-02 23:00:00,0.5892665
2025-10-03 00:00:00,0.60028785
2025-10-03 01:00:00,0.81895566
2025-10-03 02:00:00,1.1763564
2025-10-03 03:00:00,1.5098928
2025-10-03 04:00:00,1.6780723
2025-10-03 05:00:00,1.7411906
2025-10-03 06:00:00,1.6866868
2025-10-03 07:00:00,1.4890013
2025-10-03 08:00:00,1.2396636
2025-10-03 09:00:00,1.0138059
2025-10-03 10:00:00,0.8214279
2025-10-03 11:00:00,0.65418607
2025-10-03 12:00:00,0.5279086
2025-10-03 13:00:00,0.49813285
2025-10-03 14:00:00,0.74220085
2025-10-03 15:00:00,1.1613137
2025-10-03 16:00:00,1.4859211
2025-10-03 17:00:00,1.6332233
2025-10-03 18:00:00,1.6052586
2025-10-03 19:00:00,1.3855244
2025-10-03 20:00:00,1.1143366
2025-10-03 21:00:00,0.888906
2025-10-03 22:00:00,0.68677753
2025-10-03 23:00:00,0.51344883
2025-10-04 00:00:00,0.37599468
2025-10-04 01:00:00,0.3227157
2025-10-04 02:00:00,0.5867521
2025-10-04 03:00:00,1.0866715
2025-10-04 04:00:00,1.5070503
2025-10-04 05:00:00,1.7389852
2025-10-04 06:00:00,1.7817467
